{
  "id": "V1",
  "primera_serie": [
    1,
    0,
    4,
    0,
    1,
    2,
    0,
    2,
    1,
    2
  ],
  "segunda_serie": [
    3,
    4,
    2,
    2,
    1,
    0
  ],
  "tercera_serie": {
    "gini": 0.435,
    "dist_frecuencias": {
      "k": 5.64,
      "rango": 56,
      "amplitud": 9.93
    },
    "tallo_hoja": {
      "moda": 4.4,
      "intervalo": "4-5"
    },
    "medidas_centrales": {
      "media": 4995.23,
      "mediana": 3683.56,
      "moda": 5664.68
    }
  }
}