{
  "id": "V1",
  "primera_serie": [
    {
      "pregunta": "¿Quién ordeno o realizo el primer catastro o Censo de (bienes inmuebles) considerado el primero en Europa?",
      "opciones": [
        "El Rey Juan Carlos",
        "El Rey Guillermo",
        "El Rey Constantino",
        "El Rey Ricardo",
        "El Rey Federico de Edimburgo"
      ],
      "respuesta_correcta": 1
    },
    {
      "pregunta": "¿La siguiente imagen, representa un diagrama de tallo y hoja?",
      "opciones": [
        "Verdadero",
        "Falso"
      ],
      "respuesta_correcta": 0
    },
    {
      "pregunta": "La diferencia entre una variable cuantitativa discreta y una variable cuantitativa continua es:",
      "opciones": [
        "Las variables discretas toman cualquier valor dentro de un intervalo, las continuas toman valores aislados",
        "Las variables discretas toman valores aislados, las continuas toman cualquier valor dentro de un intervalo",
        "Las variables discretas son siempre enteras, las continuas son siempre decimales",
        "No hay diferencia real entre ambas"
      ],
      "respuesta_correcta": 1
    },
    {
      "pregunta": "Es el conjunto de todos los elementos a los que se somete a un estudio estadístico.",
      "opciones": [
        "Muestra",
        "Población",
        "Individuo",
        "Muestreo"
      ],
      "respuesta_correcta": 1
    },
    {
      "pregunta": "La toma de temperatura para ingresar a los centros comerciales es una variable:",
      "opciones": [
        "Cualitativa",
        "Cuantitativa"
      ],
      "respuesta_correcta": 1
    },
    {
      "pregunta": "¿Cuál es el método que permite calcular el número de grupos, intervalos o clases a construer para una table de distribución de frecuencias?",
      "opciones": [
        "Método de mínimos cuadrados",
        "Coeficiente de Gini",
        "Método Sturgers",
        "La regla empírica"
      ],
      "respuesta_correcta": 2
    },
    {
      "pregunta": "¿Es un conjunto representativo de la población de referencia, el número de individuos es menor que el de la población?",
      "opciones": [
        "Valor",
        "Dato",
        "Experimento",
        "Población",
        "Muestra",
        "Todas las anteriores"
      ],
      "respuesta_correcta": 4
    },
    {
      "pregunta": "Si los datos están distribuidos de forma simétrica alrededor de la media, entonces:",
      "opciones": [
        "La media y la mediana coinciden",
        "La media es mayor que la mediana",
        "La mediana es mayor que la media",
        "La media y la moda coinciden"
      ],
      "respuesta_correcta": 0
    },
    {
      "pregunta": "¿Cuál de las siguientes medidas de tendencia central se ve más afectada por valores extremos?",
      "opciones": [
        "Media",
        "Mediana",
        "Moda",
        "Rango"
      ],
      "respuesta_correcta": 0
    },
    {
      "pregunta": "¿Qué medida indica el grado de dispersión de los datos respecto a la media?",
      "opciones": [
        "Varianza",
        "Mediana",
        "Moda",
        "Coeficiente de asimetría"
      ],
      "respuesta_correcta": 0
    }
  ],
  "segunda_serie": [
    {
      "escenario": "Una compañía de telecomunicaciones quiere representar visualmente la distribución porcentual de sus ingresos por tipo de servicio (internet, telefonía fija, telefonía móvil, televisión por cable y servicios corporativos) durante el año fiscal 2023.",
      "opciones": [
        "Gráfica de barras",
        "Gráfica circular (pastel)",
        "Histograma de Pearson",
        "Ojiva de Galton",
        "Polígono de frecuencias"
      ],
      "respuesta_correcta": 1
    },
    {
      "escenario": "Una empresa farmacéutica ha registrado el tiempo (en días) que tarda cada lote de medicamentos en pasar el control de calidad. Quieren determinar si un nuevo lote con un tiempo específico está dentro del 75% de los casos más rápidos.",
      "opciones": [
        "Gráfica de barras",
        "Gráfica circular (pastel)",
        "Histograma de Pearson",
        "Ojiva de Galton",
        "Polígono de frecuencias"
      ],
      "respuesta_correcta": 3
    },
    {
      "escenario": "Una entidad financiera ha recopilado datos sobre los montos de créditos otorgados en el último trimestre. Los montos se han agrupado en intervalos y se desea mostrar los valores acumulados hasta cierto punto, para identificar qué porcentaje de créditos está por debajo de determinados montos.",
      "opciones": [
        "Gráfica de barras",
        "Gráfica circular (pastel)",
        "Histograma de Pearson",
        "Ojiva de Galton",
        "Polígono de frecuencias"
      ],
      "respuesta_correcta": 3
    },
    {
      "escenario": "Un estudio sobre calificaciones finales en un curso de estadística muestra datos que podrían seguir una distribución normal. Los investigadores quieren representar las frecuencias de cada intervalo de calificación y, al mismo tiempo, identificar visualmente si la distribución se aproxima a una curva normal.",
      "opciones": [
        "Gráfica de barras",
        "Gráfica circular (pastel)",
        "Histograma de Pearson",
        "Ojiva de Galton",
        "Polígono de frecuencias"
      ],
      "respuesta_correcta": 2
    },
    {
      "escenario": "Un análisis de ventas mensuales de una cadena de tiendas durante un año completo. Se desea mostrar la evolución de las ventas a lo largo del tiempo, identificando tendencias, picos y caídas.",
      "opciones": [
        "Gráfica de barras",
        "Gráfica circular (pastel)",
        "Histograma de Pearson",
        "Ojiva de Galton",
        "Polígono de frecuencias"
      ],
      "respuesta_correcta": 4
    },
    {
      "escenario": "Un instituto de estadísticas demográficas ha recopilado información sobre las edades de los habitantes de un municipio, agrupando los datos en intervalos de 10 años (0-9, 10-19, 20-29, etc.). Desean visualizar tanto la frecuencia de cada intervalo como la tendencia general de la distribución de edades.",
      "opciones": [
        "Gráfica de barras",
        "Gráfica circular (pastel)",
        "Histograma de Pearson",
        "Ojiva de Galton",
        "Polígono de frecuencias"
      ],
      "respuesta_correcta": 4
    }
  ],
  "tercera_serie": [
    {
      "title": "La siguiente tabla muestra la distribución de salarios mensuales (en quetzales) de los trabajadores de la empresa ABC S.A:",
      "ranges": [
        "[1500-2000)",
        "[2000-2500)",
        "[2500-3000)",
        "[3000-3500)",
        "[3500-4000)",
        "[4000-4500)",
        "[4500-5000)",
        "[5000-5500)"
      ],
      "workers": [
        9,
        4,
        11,
        16,
        9,
        13,
        4,
        2
      ]
    },
    {
      "title": "Construya la siguiente tabla de distribución de frecuencias. Con datos agrupados usando el método Sturgers.",
      "data": [
        "98",
        "100",
        "103",
        "105",
        "104",
        "108",
        "113",
        "111",
        "112",
        "121",
        "122",
        "125",
        "124",
        "127",
        "128",
        "134",
        "134",
        "136",
        "143",
        "139",
        "148",
        "151",
        "153",
        "154",
        "158"
      ]
    },
    {
      "title": "Con la información obtenida del consumo de combustible (en km/litro) de vehículos en una empresa de transporte, se tomaron aleatoriamente los siguientes datos.",
      "data": [
        "8.4",
        "8.4",
        "8.9",
        "9.1",
        "9.4",
        "9.5",
        "9.7",
        "9.9",
        "10.4",
        "10.7",
        "11.0",
        "11.4",
        "11.7",
        "11.9",
        "12.1",
        "12.4",
        "12.9",
        "13.0",
        "13.5",
        "13.8",
        "14.0",
        "14.4",
        "15.2",
        "16.4"
      ]
    },
    {
      "title": "Calcular las medidas de tendencia central Media , Mediana, Moda e interprete los resultados obtenidos.",
      "ranges": [
        "[1800-2300)",
        "[2300-2800)",
        "[2800-3300)",
        "[3300-3800)",
        "[3800-4300)",
        "[4300-4800)",
        "[4800-5300)"
      ],
      "count": [
        5,
        14,
        20,
        22,
        14,
        6,
        3
      ]
    }
  ]
}