{
  "id": "V1",
  "primera_serie": [
    {
      "pregunta": "La diferencia entre una variable cuantitativa discreta y una variable cuantitativa continua es:",
      "opciones": [
        "Las variables discretas toman cualquier valor dentro de un intervalo, las continuas toman valores aislados",
        "Las variables discretas toman valores aislados, las continuas toman cualquier valor dentro de un intervalo",
        "Las variables discretas son siempre enteras, las continuas son siempre decimales",
        "No hay diferencia real entre ambas"
      ],
      "respuesta_correcta": 1
    },
    {
      "pregunta": "Es el conjunto de todos los elementos a los que se somete a un estudio estadístico.",
      "opciones": [
        "Muestra",
        "Población",
        "Individuo",
        "Muestreo"
      ],
      "respuesta_correcta": 1
    },
    {
      "pregunta": "Método que sirve para medir la desigualdad, es un número entre cero y uno que mide el grado de desigualdad en la distribución del ingreso en una sociedad determinada o país.",
      "opciones": [
        "Coeficiente de Correlación",
        "Coeficiente de Gini",
        "Marca de Clase",
        "La Frecuencia Acumulada"
      ],
      "respuesta_correcta": 1
    },
    {
      "pregunta": "¿Quién ordeno o realizo el primer catastro o Censo de (bienes inmuebles) considerado el primero en Europa?",
      "opciones": [
        "El Rey Juan Carlos",
        "El Rey Guillermo",
        "El Rey Constantino",
        "El Rey Ricardo",
        "El Rey Federico de Edimburgo"
      ],
      "respuesta_correcta": 1
    },
    {
      "pregunta": "Las Fases de un estudio estadístico son:",
      "opciones": [
        "Planteamiento del Problema",
        "Simplificar los Datos",
        "Recolectar y Ordenar los Datos",
        "Analizar los Datos",
        "Interpretar y Presentar Resultados",
        "Ninguna de las anteriores"
      ],
      "respuesta_correcta": 0
    },
    {
      "pregunta": "Las Variables Estadísticas pueden ser:",
      "opciones": [
        "Discretas",
        "Cualitativas",
        "Indiscretas",
        "Cuantitativas",
        "Numéricas"
      ],
      "respuesta_correcta": 1
    },
    {
      "pregunta": "El tipo de gráfico más adecuado para mostrar la distribución de frecuencias de una variable continua es:",
      "opciones": [
        "Gráfico de barras",
        "Gráfico circular",
        "Histograma",
        "Gráfico de líneas"
      ],
      "respuesta_correcta": 2
    },
    {
      "pregunta": "¿Cuál de las siguientes medidas de tendencia central se ve más afectada por valores extremos?",
      "opciones": [
        "Media",
        "Mediana",
        "Moda",
        "Rango"
      ],
      "respuesta_correcta": 0
    },
    {
      "pregunta": "Trata del recuento, ordenación y clasificación de los datos obtenidos por las observaciones, para poder hacer comparaciones y obtener conclusiones.",
      "opciones": [
        "Población",
        "Cálculos",
        "Estadística",
        "Frecuencia",
        "Ninguna de las anteriores"
      ],
      "respuesta_correcta": 2
    },
    {
      "pregunta": "¿Qué medida indica el grado de dispersión de los datos respecto a la media?",
      "opciones": [
        "Varianza",
        "Mediana",
        "Moda",
        "Coeficiente de asimetría"
      ],
      "respuesta_correcta": 0
    }
  ],
  "segunda_serie": [
    {
      "escenario": "Una universidad desea representar el número de estudiantes matriculados en cada una de sus facultades (Humanidades, Ingeniería, Medicina, Derecho, Economía y Arquitectura) para el ciclo académico 2024, permitiendo una fácil comparación entre facultades.",
      "opciones": [
        "Gráfica de barras",
        "Gráfica circular (pastel)",
        "Histograma de Pearson",
        "Ojiva de Galton",
        "Polígono de frecuencias"
      ],
      "respuesta_correcta": 0
    },
    {
      "escenario": "Un estudio sobre calificaciones finales en un curso de estadística muestra datos que podrían seguir una distribución normal. Los investigadores quieren representar las frecuencias de cada intervalo de calificación y, al mismo tiempo, identificar visualmente si la distribución se aproxima a una curva normal.",
      "opciones": [
        "Gráfica de barras",
        "Gráfica circular (pastel)",
        "Histograma de Pearson",
        "Ojiva de Galton",
        "Polígono de frecuencias"
      ],
      "respuesta_correcta": 2
    },
    {
      "escenario": "Un departamento de recursos humanos ha realizado una encuesta sobre los tiempos de transporte (en minutos) que los empleados tardan en llegar a la oficina. Los datos obtenidos son continuos y quieren mostrar cómo se distribuyen estos tiempos, identificando claramente dónde se concentra la mayoría de los casos.",
      "opciones": [
        "Gráfica de barras",
        "Gráfica circular (pastel)",
        "Histograma de Pearson",
        "Ojiva de Galton",
        "Polígono de frecuencias"
      ],
      "respuesta_correcta": 2
    },
    {
      "escenario": "Un instituto de estadísticas demográficas ha recopilado información sobre las edades de los habitantes de un municipio, agrupando los datos en intervalos de 10 años (0-9, 10-19, 20-29, etc.). Desean visualizar tanto la frecuencia de cada intervalo como la tendencia general de la distribución de edades.",
      "opciones": [
        "Gráfica de barras",
        "Gráfica circular (pastel)",
        "Histograma de Pearson",
        "Ojiva de Galton",
        "Polígono de frecuencias"
      ],
      "respuesta_correcta": 4
    },
    {
      "escenario": "Una compañía de telecomunicaciones quiere representar visualmente la distribución porcentual de sus ingresos por tipo de servicio (internet, telefonía fija, telefonía móvil, televisión por cable y servicios corporativos) durante el año fiscal 2023.",
      "opciones": [
        "Gráfica de barras",
        "Gráfica circular (pastel)",
        "Histograma de Pearson",
        "Ojiva de Galton",
        "Polígono de frecuencias"
      ],
      "respuesta_correcta": 1
    },
    {
      "escenario": "Una empresa farmacéutica ha registrado el tiempo (en días) que tarda cada lote de medicamentos en pasar el control de calidad. Quieren determinar si un nuevo lote con un tiempo específico está dentro del 75% de los casos más rápidos.",
      "opciones": [
        "Gráfica de barras",
        "Gráfica circular (pastel)",
        "Histograma de Pearson",
        "Ojiva de Galton",
        "Polígono de frecuencias"
      ],
      "respuesta_correcta": 3
    }
  ],
  "tercera_serie": [
    {
      "title": "La siguiente tabla muestra la distribución de salarios mensuales (en quetzales) de los trabajadores de la empresa Alfa Omega S.A:",
      "ranges": [
        "[2000-2500)",
        "[2500-3000)",
        "[3000-3500)",
        "[3500-4000)",
        "[4000-4500)",
        "[4500-5000)",
        "[5000-5500)",
        "[5500-6000)"
      ],
      "workers": [
        9,
        8,
        10,
        13,
        12,
        11,
        9,
        5
      ]
    },
    {
      "title": "Construya la siguiente tabla de distribución de frecuencias. Con datos agrupados usando el método Sturgers.",
      "data": [
        "92",
        "96",
        "105",
        "106",
        "110",
        "107",
        "111",
        "113",
        "112",
        "121",
        "121",
        "121",
        "122",
        "129",
        "132",
        "132",
        "134",
        "139",
        "143",
        "145",
        "143",
        "150",
        "151",
        "149",
        "156"
      ]
    },
    {
      "title": "Con la información obtenida de las ventas mensuales de distintos productos tecnológicos, se tomaron aleatoriamente los siguientes datos que representan el crecimiento porcentual respecto al año anterior.",
      "data": [
        "2.3",
        "2.6",
        "2.4",
        "3.1",
        "3.0",
        "3.4",
        "4.2",
        "3.4",
        "3.7",
        "4.1",
        "4.7",
        "4.3",
        "5.1",
        "4.8",
        "5.1",
        "5.7",
        "6.2",
        "6.2",
        "6.5",
        "7.1",
        "7.1",
        "8.3",
        "9.3",
        "10.6"
      ]
    },
    {
      "title": "Calcular las medidas de tendencia central Media , Mediana, Moda e interprete los resultados obtenidos.",
      "ranges": [
        "[1800-2300)",
        "[2300-2800)",
        "[2800-3300)",
        "[3300-3800)",
        "[3800-4300)",
        "[4300-4800)",
        "[4800-5300)"
      ],
      "count": [
        5,
        14,
        19,
        18,
        15,
        7,
        3
      ]
    }
  ]
}