{
  "id": "V1",
  "primera_serie": [
    {
      "pregunta": "La toma de temperatura para ingresar a los centros comerciales es una variable:",
      "opciones": [
        "Cualitativa",
        "Cuantitativa"
      ],
      "respuesta_correcta": 1
    },
    {
      "pregunta": "¿La siguiente imagen, representa un diagrama de tallo y hoja?",
      "opciones": [
        "Verdadero",
        "Falso"
      ],
      "respuesta_correcta": 0
    },
    {
      "pregunta": "¿Es un conjunto representativo de la población de referencia, el número de individuos es menor que el de la población?",
      "opciones": [
        "Valor",
        "Dato",
        "Experimento",
        "Población",
        "Muestra",
        "Todas las anteriores"
      ],
      "respuesta_correcta": 4
    },
    {
      "pregunta": "¿Qué medida indica el grado de dispersión de los datos respecto a la media?",
      "opciones": [
        "Varianza",
        "Mediana",
        "Moda",
        "Coeficiente de asimetría"
      ],
      "respuesta_correcta": 0
    },
    {
      "pregunta": "Método que sirve para medir la desigualdad, es un número entre cero y uno que mide el grado de desigualdad en la distribución del ingreso en una sociedad determinada o país.",
      "opciones": [
        "Coeficiente de Correlación",
        "Coeficiente de Gini",
        "Marca de Clase",
        "La Frecuencia Acumulada"
      ],
      "respuesta_correcta": 1
    },
    {
      "pregunta": "El tipo de gráfico más adecuado para mostrar la distribución de frecuencias de una variable continua es:",
      "opciones": [
        "Gráfico de barras",
        "Gráfico circular",
        "Histograma",
        "Gráfico de líneas"
      ],
      "respuesta_correcta": 2
    },
    {
      "pregunta": "Si los datos están distribuidos de forma simétrica alrededor de la media, entonces:",
      "opciones": [
        "La media y la mediana coinciden",
        "La media es mayor que la mediana",
        "La mediana es mayor que la media",
        "La media y la moda coinciden"
      ],
      "respuesta_correcta": 0
    },
    {
      "pregunta": "Trata del recuento, ordenación y clasificación de los datos obtenidos por las observaciones, para poder hacer comparaciones y obtener conclusiones.",
      "opciones": [
        "Población",
        "Cálculos",
        "Estadística",
        "Frecuencia",
        "Ninguna de las anteriores"
      ],
      "respuesta_correcta": 2
    },
    {
      "pregunta": "Las Variables Estadísticas pueden ser:",
      "opciones": [
        "Discretas",
        "Cualitativas",
        "Indiscretas",
        "Cuantitativas",
        "Numéricas"
      ],
      "respuesta_correcta": 1
    },
    {
      "pregunta": "¿Cuál es el método que permite calcular el número de grupos, intervalos o clases a construir para una tablade distribución de frecuencias?",
      "opciones": [
        "Método de mínimos cuadrados",
        "Coeficiente de Gini",
        "Método Sturgers",
        "La regla empírica"
      ],
      "respuesta_correcta": 2
    }
  ],
  "segunda_serie": [
    {
      "escenario": "Una empresa farmacéutica ha registrado el tiempo (en días) que tarda cada lote de medicamentos en pasar el control de calidad. Quieren determinar si un nuevo lote con un tiempo específico está dentro del 75% de los casos más rápidos.",
      "opciones": [
        "Gráfica de barras",
        "Gráfica circular (pastel)",
        "Histograma de Pearson",
        "Ojiva de Galton",
        "Polígono de frecuencias"
      ],
      "respuesta_correcta": 3
    },
    {
      "escenario": "Un instituto de estadísticas demográficas ha recopilado información sobre las edades de los habitantes de un municipio, agrupando los datos en intervalos de 10 años (0-9, 10-19, 20-29, etc.). Desean visualizar tanto la frecuencia de cada intervalo como la tendencia general de la distribución de edades.",
      "opciones": [
        "Gráfica de barras",
        "Gráfica circular (pastel)",
        "Histograma de Pearson",
        "Ojiva de Galton",
        "Polígono de frecuencias"
      ],
      "respuesta_correcta": 4
    },
    {
      "escenario": "Un estudio sobre calificaciones finales en un curso de estadística muestra datos que podrían seguir una distribución normal. Los investigadores quieren representar las frecuencias de cada intervalo de calificación y, al mismo tiempo, identificar visualmente si la distribución se aproxima a una curva normal.",
      "opciones": [
        "Gráfica de barras",
        "Gráfica circular (pastel)",
        "Histograma de Pearson",
        "Ojiva de Galton",
        "Polígono de frecuencias"
      ],
      "respuesta_correcta": 2
    },
    {
      "escenario": "Un departamento de recursos humanos ha realizado una encuesta sobre los tiempos de transporte (en minutos) que los empleados tardan en llegar a la oficina. Los datos obtenidos son continuos y quieren mostrar cómo se distribuyen estos tiempos, identificando claramente dónde se concentra la mayoría de los casos.",
      "opciones": [
        "Gráfica de barras",
        "Gráfica circular (pastel)",
        "Histograma de Pearson",
        "Ojiva de Galton",
        "Polígono de frecuencias"
      ],
      "respuesta_correcta": 2
    },
    {
      "escenario": "Una compañía de telecomunicaciones quiere representar visualmente la distribución porcentual de sus ingresos por tipo de servicio (internet, telefonía fija, telefonía móvil, televisión por cable y servicios corporativos) durante el año fiscal 2023.",
      "opciones": [
        "Gráfica de barras",
        "Gráfica circular (pastel)",
        "Histograma de Pearson",
        "Ojiva de Galton",
        "Polígono de frecuencias"
      ],
      "respuesta_correcta": 1
    },
    {
      "escenario": "Una universidad desea representar el número de estudiantes matriculados en cada una de sus facultades (Humanidades, Ingeniería, Medicina, Derecho, Economía y Arquitectura) para el ciclo académico 2024, permitiendo una fácil comparación entre facultades.",
      "opciones": [
        "Gráfica de barras",
        "Gráfica circular (pastel)",
        "Histograma de Pearson",
        "Ojiva de Galton",
        "Polígono de frecuencias"
      ],
      "respuesta_correcta": 0
    }
  ],
  "tercera_serie": [
    {
      "title": "La siguiente tabla muestra la distribución de salarios mensuales (en quetzales) de los trabajadores de la empresa XYZ S.A:",
      "ranges": [
        "[1200-1800)",
        "[1800-2400)",
        "[2400-3000)",
        "[3000-3600)",
        "[3600-4200)",
        "[4200-4800)",
        "[4800-5400)",
        "[5400-6000)"
      ],
      "workers": [
        14,
        8,
        6,
        5,
        3,
        3,
        1,
        7
      ]
    },
    {
      "title": "Construya la siguiente tabla de distribución de frecuencias. Con datos agrupados usando el método Sturgers.",
      "data": [
        "97",
        "100",
        "105",
        "103",
        "110",
        "113",
        "107",
        "109",
        "113",
        "121",
        "122",
        "121",
        "128",
        "126",
        "128",
        "130",
        "138",
        "138",
        "141",
        "145",
        "144",
        "150",
        "153",
        "151",
        "152"
      ]
    },
    {
      "title": "Con la información obtenida del tiempo de atención (en minutos) a clientes en una sucursal bancaria, se tomaron aleatoriamente los siguientes datos durante el mes de febrero.",
      "data": [
        "3.4",
        "3.6",
        "4.1",
        "4.4",
        "5.0",
        "5.2",
        "5.3",
        "5.5",
        "5.9",
        "6.2",
        "6.4",
        "7.0",
        "7.0",
        "7.1",
        "7.5",
        "7.6",
        "7.9",
        "8.2",
        "8.5",
        "8.9",
        "9.1",
        "9.5",
        "10.3",
        "11.7"
      ]
    },
    {
      "title": "Calcular las medidas de tendencia central Media , Mediana, Moda e interprete los resultados obtenidos.",
      "ranges": [
        "[2500-3000)",
        "[3000-3500)",
        "[3500-4000)",
        "[4000-4500)",
        "[4500-5000)",
        "[5000-5500)",
        "[5500-6000)"
      ],
      "count": [
        6,
        14,
        22,
        20,
        12,
        5,
        1
      ]
    }
  ]
}