{
  "id": "V2",
  "primera_serie": [
    {
      "pregunta": "¿Qué medida indica el grado de dispersión de los datos respecto a la media?",
      "opciones": [
        "Varianza",
        "Mediana",
        "Moda",
        "Coeficiente de asimetría"
      ],
      "respuesta_correcta": 0
    },
    {
      "pregunta": "Trata del recuento, ordenación y clasificación de los datos obtenidos por las observaciones, para poder hacer comparaciones y obtener conclusiones.",
      "opciones": [
        "Población",
        "Cálculos",
        "Estadística",
        "Frecuencia",
        "Ninguna de las anteriores"
      ],
      "respuesta_correcta": 2
    },
    {
      "pregunta": "¿Quién ordeno o realizo el primer catastro o Censo de (bienes inmuebles) considerado el primero en Europa?",
      "opciones": [
        "El Rey Juan Carlos",
        "El Rey Guillermo",
        "El Rey Constantino",
        "El Rey Ricardo",
        "El Rey Federico de Edimburgo"
      ],
      "respuesta_correcta": 1
    },
    {
      "pregunta": "La toma de temperatura para ingresar a los centros comerciales es una variable:",
      "opciones": [
        "Cualitativa",
        "Cuantitativa"
      ],
      "respuesta_correcta": 1
    },
    {
      "pregunta": "Las Fases de un estudio estadístico son:",
      "opciones": [
        "Planteamiento del Problema",
        "Simplificar los Datos",
        "Recolectar y Ordenar los Datos",
        "Analizar los Datos",
        "Interpretar y Presentar Resultados",
        "Ninguna de las anteriores"
      ],
      "respuesta_correcta": 0
    },
    {
      "pregunta": "El tipo de gráfico más adecuado para mostrar la distribución de frecuencias de una variable continua es:",
      "opciones": [
        "Gráfico de barras",
        "Gráfico circular",
        "Histograma",
        "Gráfico de líneas"
      ],
      "respuesta_correcta": 2
    },
    {
      "pregunta": "Si los datos están distribuidos de forma simétrica alrededor de la media, entonces:",
      "opciones": [
        "La media y la mediana coinciden",
        "La media es mayor que la mediana",
        "La mediana es mayor que la media",
        "La media y la moda coinciden"
      ],
      "respuesta_correcta": 0
    },
    {
      "pregunta": "Método que sirve para medir la desigualdad, es un número entre cero y uno que mide el grado de desigualdad en la distribución del ingreso en una sociedad determinada o país.",
      "opciones": [
        "Coeficiente de Correlación",
        "Coeficiente de Gini",
        "Marca de Clase",
        "La Frecuencia Acumulada"
      ],
      "respuesta_correcta": 1
    },
    {
      "pregunta": "¿Es un conjunto representativo de la población de referencia, el número de individuos es menor que el de la población?",
      "opciones": [
        "Valor",
        "Dato",
        "Experimento",
        "Población",
        "Muestra",
        "Todas las anteriores"
      ],
      "respuesta_correcta": 4
    },
    {
      "pregunta": "¿Cuál de las siguientes medidas de tendencia central se ve más afectada por valores extremos?",
      "opciones": [
        "Media",
        "Mediana",
        "Moda",
        "Rango"
      ],
      "respuesta_correcta": 0
    }
  ],
  "segunda_serie": [
    {
      "escenario": "Una compañía de telecomunicaciones quiere representar visualmente la distribución porcentual de sus ingresos por tipo de servicio (internet, telefonía fija, telefonía móvil, televisión por cable y servicios corporativos) durante el año fiscal 2023.",
      "opciones": [
        "Gráfica de barras",
        "Gráfica circular (pastel)",
        "Histograma de Pearson",
        "Ojiva de Galton",
        "Polígono de frecuencias"
      ],
      "respuesta_correcta": 1
    },
    {
      "escenario": "Un departamento de recursos humanos ha realizado una encuesta sobre los tiempos de transporte (en minutos) que los empleados tardan en llegar a la oficina. Los datos obtenidos son continuos y quieren mostrar cómo se distribuyen estos tiempos, identificando claramente dónde se concentra la mayoría de los casos.",
      "opciones": [
        "Gráfica de barras",
        "Gráfica circular (pastel)",
        "Histograma de Pearson",
        "Ojiva de Galton",
        "Polígono de frecuencias"
      ],
      "respuesta_correcta": 2
    },
    {
      "escenario": "Un estudio sobre calificaciones finales en un curso de estadística muestra datos que podrían seguir una distribución normal. Los investigadores quieren representar las frecuencias de cada intervalo de calificación y, al mismo tiempo, identificar visualmente si la distribución se aproxima a una curva normal.",
      "opciones": [
        "Gráfica de barras",
        "Gráfica circular (pastel)",
        "Histograma de Pearson",
        "Ojiva de Galton",
        "Polígono de frecuencias"
      ],
      "respuesta_correcta": 2
    },
    {
      "escenario": "Un instituto de estadísticas demográficas ha recopilado información sobre las edades de los habitantes de un municipio, agrupando los datos en intervalos de 10 años (0-9, 10-19, 20-29, etc.). Desean visualizar tanto la frecuencia de cada intervalo como la tendencia general de la distribución de edades.",
      "opciones": [
        "Gráfica de barras",
        "Gráfica circular (pastel)",
        "Histograma de Pearson",
        "Ojiva de Galton",
        "Polígono de frecuencias"
      ],
      "respuesta_correcta": 4
    },
    {
      "escenario": "Una universidad desea representar el número de estudiantes matriculados en cada una de sus facultades (Humanidades, Ingeniería, Medicina, Derecho, Economía y Arquitectura) para el ciclo académico 2024, permitiendo una fácil comparación entre facultades.",
      "opciones": [
        "Gráfica de barras",
        "Gráfica circular (pastel)",
        "Histograma de Pearson",
        "Ojiva de Galton",
        "Polígono de frecuencias"
      ],
      "respuesta_correcta": 0
    },
    {
      "escenario": "Un análisis de ventas mensuales de una cadena de tiendas durante un año completo. Se desea mostrar la evolución de las ventas a lo largo del tiempo, identificando tendencias, picos y caídas.",
      "opciones": [
        "Gráfica de barras",
        "Gráfica circular (pastel)",
        "Histograma de Pearson",
        "Ojiva de Galton",
        "Polígono de frecuencias"
      ],
      "respuesta_correcta": 4
    }
  ],
  "tercera_serie": [
    {
      "title": "La siguiente tabla muestra la distribución de salarios mensuales (en quetzales) de los trabajadores de la empresa ABC S.A:",
      "ranges": [
        "[1500-2000)",
        "[2000-2500)",
        "[2500-3000)",
        "[3000-3500)",
        "[3500-4000)",
        "[4000-4500)",
        "[4500-5000)",
        "[5000-5500)"
      ],
      "workers": [
        8,
        5,
        11,
        18,
        9,
        10,
        6,
        3
      ]
    },
    {
      "title": "Construya la siguiente tabla de distribución de frecuencias. Con datos agrupados usando el método Sturgers.",
      "data": [
        "205",
        "207",
        "210",
        "215",
        "217",
        "223",
        "225",
        "225",
        "225",
        "230",
        "236",
        "234",
        "236",
        "238",
        "244",
        "243",
        "250",
        "253",
        "251",
        "253",
        "259",
        "260",
        "262",
        "265",
        "267"
      ]
    },
    {
      "title": "Con la información obtenida de las ventas mensuales de distintos productos tecnológicos, se tomaron aleatoriamente los siguientes datos que representan el crecimiento porcentual respecto al año anterior.",
      "data": [
        "2.1",
        "2.9",
        "2.7",
        "3.0",
        "2.9",
        "3.2",
        "4.1",
        "3.6",
        "3.8",
        "4.3",
        "4.3",
        "4.5",
        "4.9",
        "4.8",
        "5.2",
        "5.7",
        "6.1",
        "6.2",
        "6.3",
        "7.2",
        "7.1",
        "8.3",
        "8.9",
        "10.6"
      ]
    },
    {
      "title": "Calcular las medidas de tendencia central Media , Mediana, Moda e interprete los resultados obtenidos.",
      "ranges": [
        "[1500-2000)",
        "[2000-2500)",
        "[2500-3000)",
        "[3000-3500)",
        "[3500-4000)",
        "[4000-4500)",
        "[4500-5000)"
      ],
      "count": [
        5,
        11,
        20,
        27,
        16,
        9,
        1
      ]
    }
  ]
}