{
  "id": "V3",
  "primera_serie": [
    {
      "pregunta": "La diferencia entre una variable cuantitativa discreta y una variable cuantitativa continua es:",
      "opciones": [
        "Las variables discretas toman cualquier valor dentro de un intervalo, las continuas toman valores aislados",
        "Las variables discretas toman valores aislados, las continuas toman cualquier valor dentro de un intervalo",
        "Las variables discretas son siempre enteras, las continuas son siempre decimales",
        "No hay diferencia real entre ambas"
      ],
      "respuesta_correcta": 1
    },
    {
      "pregunta": "¿Es un conjunto representativo de la población de referencia, el número de individuos es menor que el de la población?",
      "opciones": [
        "Valor",
        "Dato",
        "Experimento",
        "Población",
        "Muestra",
        "Todas las anteriores"
      ],
      "respuesta_correcta": 4
    },
    {
      "pregunta": "La toma de temperatura para ingresar a los centros comerciales es una variable:",
      "opciones": [
        "Cualitativa",
        "Cuantitativa"
      ],
      "respuesta_correcta": 1
    },
    {
      "pregunta": "¿La siguiente imagen, representa un diagrama de tallo y hoja?",
      "opciones": [
        "Verdadero",
        "Falso"
      ],
      "respuesta_correcta": 0
    },
    {
      "pregunta": "¿Quién ordeno o realizo el primer catastro o Censo de (bienes inmuebles) considerado el primero en Europa?",
      "opciones": [
        "El Rey Juan Carlos",
        "El Rey Guillermo",
        "El Rey Constantino",
        "El Rey Ricardo",
        "El Rey Federico de Edimburgo"
      ],
      "respuesta_correcta": 1
    },
    {
      "pregunta": "¿Cuál es el método que permite calcular el número de grupos, intervalos o clases a construer para una table de distribución de frecuencias?",
      "opciones": [
        "Método de mínimos cuadrados",
        "Coeficiente de Gini",
        "Método Sturgers",
        "La regla empírica"
      ],
      "respuesta_correcta": 2
    },
    {
      "pregunta": "Las Fases de un estudio estadístico son:",
      "opciones": [
        "Planteamiento del Problema",
        "Simplificar los Datos",
        "Recolectar y Ordenar los Datos",
        "Analizar los Datos",
        "Interpretar y Presentar Resultados",
        "Ninguna de las anteriores"
      ],
      "respuesta_correcta": 0
    },
    {
      "pregunta": "El tipo de gráfico más adecuado para mostrar la distribución de frecuencias de una variable continua es:",
      "opciones": [
        "Gráfico de barras",
        "Gráfico circular",
        "Histograma",
        "Gráfico de líneas"
      ],
      "respuesta_correcta": 2
    },
    {
      "pregunta": "¿Cuál de las siguientes medidas de tendencia central se ve más afectada por valores extremos?",
      "opciones": [
        "Media",
        "Mediana",
        "Moda",
        "Rango"
      ],
      "respuesta_correcta": 0
    },
    {
      "pregunta": "Las Variables Estadísticas pueden ser:",
      "opciones": [
        "Discretas",
        "Cualitativas",
        "Indiscretas",
        "Cuantitativas",
        "Numéricas"
      ],
      "respuesta_correcta": 1
    }
  ],
  "segunda_serie": [
    {
      "escenario": "Un estudio sobre calificaciones finales en un curso de estadística muestra datos que podrían seguir una distribución normal. Los investigadores quieren representar las frecuencias de cada intervalo de calificación y, al mismo tiempo, identificar visualmente si la distribución se aproxima a una curva normal.",
      "opciones": [
        "Gráfica de barras",
        "Gráfica circular (pastel)",
        "Histograma de Pearson",
        "Ojiva de Galton",
        "Polígono de frecuencias"
      ],
      "respuesta_correcta": 2
    },
    {
      "escenario": "Una universidad desea representar el número de estudiantes matriculados en cada una de sus facultades (Humanidades, Ingeniería, Medicina, Derecho, Economía y Arquitectura) para el ciclo académico 2024, permitiendo una fácil comparación entre facultades.",
      "opciones": [
        "Gráfica de barras",
        "Gráfica circular (pastel)",
        "Histograma de Pearson",
        "Ojiva de Galton",
        "Polígono de frecuencias"
      ],
      "respuesta_correcta": 0
    },
    {
      "escenario": "Una empresa farmacéutica ha registrado el tiempo (en días) que tarda cada lote de medicamentos en pasar el control de calidad. Quieren determinar si un nuevo lote con un tiempo específico está dentro del 75% de los casos más rápidos.",
      "opciones": [
        "Gráfica de barras",
        "Gráfica circular (pastel)",
        "Histograma de Pearson",
        "Ojiva de Galton",
        "Polígono de frecuencias"
      ],
      "respuesta_correcta": 3
    },
    {
      "escenario": "Un departamento de recursos humanos ha realizado una encuesta sobre los tiempos de transporte (en minutos) que los empleados tardan en llegar a la oficina. Los datos obtenidos son continuos y quieren mostrar cómo se distribuyen estos tiempos, identificando claramente dónde se concentra la mayoría de los casos.",
      "opciones": [
        "Gráfica de barras",
        "Gráfica circular (pastel)",
        "Histograma de Pearson",
        "Ojiva de Galton",
        "Polígono de frecuencias"
      ],
      "respuesta_correcta": 2
    },
    {
      "escenario": "Una compañía de telecomunicaciones quiere representar visualmente la distribución porcentual de sus ingresos por tipo de servicio (internet, telefonía fija, telefonía móvil, televisión por cable y servicios corporativos) durante el año fiscal 2023.",
      "opciones": [
        "Gráfica de barras",
        "Gráfica circular (pastel)",
        "Histograma de Pearson",
        "Ojiva de Galton",
        "Polígono de frecuencias"
      ],
      "respuesta_correcta": 1
    },
    {
      "escenario": "Un instituto de estadísticas demográficas ha recopilado información sobre las edades de los habitantes de un municipio, agrupando los datos en intervalos de 10 años (0-9, 10-19, 20-29, etc.). Desean visualizar tanto la frecuencia de cada intervalo como la tendencia general de la distribución de edades.",
      "opciones": [
        "Gráfica de barras",
        "Gráfica circular (pastel)",
        "Histograma de Pearson",
        "Ojiva de Galton",
        "Polígono de frecuencias"
      ],
      "respuesta_correcta": 4
    }
  ],
  "tercera_serie": [
    {
      "title": "La siguiente tabla muestra la distribución de salarios mensuales (en quetzales) de los trabajadores de la empresa ABC S.A:",
      "ranges": [
        "[1500-2000)",
        "[2000-2500)",
        "[2500-3000)",
        "[3000-3500)",
        "[3500-4000)",
        "[4000-4500)",
        "[4500-5000)",
        "[5000-5500)"
      ],
      "workers": [
        5,
        4,
        9,
        16,
        11,
        9,
        6,
        4
      ]
    },
    {
      "title": "Construya la siguiente tabla de distribución de frecuencias. Con datos agrupados usando el método Sturgers.",
      "data": [
        "113",
        "107",
        "114",
        "120",
        "115",
        "122",
        "124",
        "113",
        "122",
        "123",
        "129",
        "130",
        "127",
        "128",
        "136",
        "138",
        "136",
        "146",
        "141",
        "147",
        "147",
        "148",
        "154",
        "148",
        "154"
      ]
    },
    {
      "title": "Con la información obtenida de las ventas mensuales de distintos productos tecnológicos, se tomaron aleatoriamente los siguientes datos que representan el crecimiento porcentual respecto al año anterior.",
      "data": [
        "2.4",
        "2.9",
        "2.5",
        "3.1",
        "3.1",
        "3.4",
        "4.0",
        "3.5",
        "3.8",
        "4.1",
        "4.5",
        "4.3",
        "4.8",
        "4.7",
        "5.1",
        "5.8",
        "6.2",
        "6.4",
        "6.4",
        "7.1",
        "7.3",
        "8.0",
        "9.3",
        "10.7"
      ]
    },
    {
      "title": "Calcular las medidas de tendencia central Media , Mediana, Moda e interprete los resultados obtenidos.",
      "ranges": [
        "[1500-2000)",
        "[2000-2500)",
        "[2500-3000)",
        "[3000-3500)",
        "[3500-4000)",
        "[4000-4500)",
        "[4500-5000)"
      ],
      "count": [
        7,
        10,
        19,
        26,
        15,
        10,
        1
      ]
    }
  ]
}